{"stats":{"minecraft:killed":{"minecraft:pig":7,"minecraft:sheep":3,"minecraft:zombie":1,"minecraft:chicken":3,"minecraft:cow":2},"minecraft:used":{"minecraft:water_bucket":9,"minecraft:stone_sword":23,"minecraft:stone_pickaxe":85,"minecraft:wooden_pickaxe":3,"minecraft:birch_boat":2,"minecraft:cooked_chicken":3,"minecraft:rotten_flesh":4,"minecraft:torch":5,"minecraft:dirt":5,"minecraft:mutton":5,"minecraft:crafting_table":5,"minecraft:white_bed":3,"minecraft:lava_bucket":1,"minecraft:iron_helmet":3,"minecraft:golden_helmet":1,"minecraft:stone_axe":44,"minecraft:cobblestone":3,"minecraft:furnace":2,"minecraft:oak_sapling":2,"minecraft:cooked_porkchop":2,"minecraft:bucket":11,"minecraft:oak_boat":1,"minecraft:cooked_beef":3},"minecraft:dropped":{"minecraft:stone_axe":1,"minecraft:crafting_table":2,"minecraft:poppy":1,"minecraft:ink_sac":1,"minecraft:glistering_melon_slice":5,"minecraft:nautilus_shell":1},"minecraft:picked_up":{"minecraft:nautilus_shell":1,"minecraft:birch_log":2,"minecraft:crafting_table":8,"minecraft:feather":1,"minecraft:cooked_beef":1,"minecraft:chicken":3,"minecraft:water_bucket":1,"minecraft:andesite":1,"minecraft:leather":3,"minecraft:wooden_pickaxe":2,"minecraft:oak_log":10,"minecraft:gunpowder":1,"minecraft:dirt":6,"minecraft:iron_axe":1,"minecraft:wheat_seeds":19,"minecraft:stone_pickaxe":1,"minecraft:beef":3,"minecraft:poppy":1,"minecraft:chest":1,"minecraft:iron_sword":1,"minecraft:oak_planks":14,"minecraft:furnace":2,"minecraft:golden_helmet":1,"minecraft:raw_iron":12,"minecraft:birch_boat":2,"minecraft:torch":2,"minecraft:porkchop":11,"minecraft:ink_sac":1,"minecraft:white_bed":3,"minecraft:stone_sword":1,"minecraft:rotten_flesh":6,"minecraft:stone_axe":1,"minecraft:iron_helmet":2,"minecraft:golden_apple":1,"minecraft:oak_sapling":2,"minecraft:obsidian":1,"minecraft:mutton":5,"minecraft:coal":25,"minecraft:white_wool":4,"minecraft:cobblestone":52,"minecraft:wooden_axe":1},"minecraft:killed_by":{"minecraft:player":1},"minecraft:custom":{"minecraft:interact_with_furnace":30,"minecraft:mob_kills":16,"minecraft:interact_with_crafting_table":18,"minecraft:leave_game":3,"minecraft:time_since_death":6794,"minecraft:sleep_in_bed":6,"minecraft:climb_one_cm":203,"minecraft:time_since_rest":6826,"minecraft:sprint_one_cm":135056,"minecraft:damage_taken":1263,"minecraft:walk_one_cm":158223,"minecraft:drop":6,"minecraft:damage_dealt":1923,"minecraft:swim_one_cm":45392,"minecraft:fly_one_cm":191397,"minecraft:open_chest":4,"minecraft:crouch_one_cm":1368,"minecraft:play_time":108038,"minecraft:deaths":2,"minecraft:sneak_time":1056,"minecraft:walk_under_water_one_cm":14522,"minecraft:boat_one_cm":616236,"minecraft:jump":1215,"minecraft:walk_on_water_one_cm":8864,"minecraft:total_world_time":108038,"minecraft:fall_one_cm":36386},"minecraft:mined":{"minecraft:white_bed":4,"minecraft:crafting_table":5,"minecraft:short_grass":59,"minecraft:grass_block":3,"minecraft:tall_grass":7,"minecraft:cobblestone":1,"minecraft:wall_torch":1,"minecraft:furnace":2,"minecraft:birch_log":2,"minecraft:iron_ore":1,"minecraft:oak_log":6,"minecraft:coal_ore":25,"minecraft:dirt":3,"minecraft:stone":51,"minecraft:oak_leaves":2,"minecraft:fern":1},"minecraft:crafted":{"minecraft:cooked_beef":2,"minecraft:oak_planks":40,"minecraft:cooked_porkchop":15,"minecraft:crafting_table":1,"minecraft:birch_boat":1,"minecraft:wooden_pickaxe":1,"minecraft:cooked_chicken":3,"minecraft:iron_sword":1,"minecraft:furnace":1,"minecraft:bucket":1,"minecraft:birch_planks":8,"minecraft:stone_axe":2,"minecraft:air":0,"minecraft:oak_boat":1,"minecraft:stick":24,"minecraft:iron_ingot":11,"minecraft:iron_pickaxe":1,"minecraft:stone_pickaxe":1,"minecraft:stone_sword":1,"minecraft:white_bed":1,"minecraft:torch":40}},"DataVersion":3953}