{"stats":{"minecraft:killed":{"minecraft:pig":5,"minecraft:sheep":3,"minecraft:zombie":1,"minecraft:chicken":3,"minecraft:cow":2},"minecraft:used":{"minecraft:stone_sword":15,"minecraft:stone_pickaxe":52,"minecraft:birch_boat":2,"minecraft:wooden_pickaxe":3,"minecraft:cooked_chicken":2,"minecraft:rotten_flesh":4,"minecraft:torch":1,"minecraft:dirt":5,"minecraft:mutton":5,"minecraft:crafting_table":5,"minecraft:white_bed":2,"minecraft:lava_bucket":1,"minecraft:iron_helmet":2,"minecraft:golden_helmet":1,"minecraft:stone_axe":31,"minecraft:cobblestone":1,"minecraft:oak_sapling":2,"minecraft:furnace":2,"minecraft:bucket":2,"minecraft:cooked_beef":3},"minecraft:dropped":{"minecraft:stone_axe":1,"minecraft:ink_sac":1,"minecraft:glistering_melon_slice":5,"minecraft:nautilus_shell":1},"minecraft:picked_up":{"minecraft:nautilus_shell":1,"minecraft:birch_log":2,"minecraft:crafting_table":5,"minecraft:feather":1,"minecraft:cooked_beef":1,"minecraft:chicken":3,"minecraft:leather":3,"minecraft:oak_log":4,"minecraft:dirt":5,"minecraft:wheat_seeds":1,"minecraft:beef":3,"minecraft:oak_planks":13,"minecraft:furnace":1,"minecraft:raw_iron":10,"minecraft:birch_boat":2,"minecraft:torch":2,"minecraft:porkchop":9,"minecraft:ink_sac":1,"minecraft:white_bed":1,"minecraft:rotten_flesh":6,"minecraft:stone_axe":1,"minecraft:iron_helmet":1,"minecraft:oak_sapling":2,"minecraft:mutton":5,"minecraft:white_wool":3,"minecraft:cobblestone":48},"minecraft:custom":{"minecraft:interact_with_furnace":19,"minecraft:mob_kills":14,"minecraft:interact_with_crafting_table":16,"minecraft:leave_game":2,"minecraft:time_since_death":72496,"minecraft:sleep_in_bed":5,"minecraft:time_since_rest":2058,"minecraft:sprint_one_cm":69126,"minecraft:damage_taken":511,"minecraft:walk_one_cm":74915,"minecraft:drop":4,"minecraft:damage_dealt":1704,"minecraft:swim_one_cm":41818,"minecraft:fly_one_cm":77560,"minecraft:open_chest":4,"minecraft:crouch_one_cm":105,"minecraft:play_time":72496,"minecraft:sneak_time":769,"minecraft:walk_under_water_one_cm":8599,"minecraft:boat_one_cm":512830,"minecraft:jump":547,"minecraft:walk_on_water_one_cm":4519,"minecraft:total_world_time":72496,"minecraft:fall_one_cm":14223},"minecraft:mined":{"minecraft:white_bed":1,"minecraft:crafting_table":4,"minecraft:short_grass":5,"minecraft:grass_block":2,"minecraft:cobblestone":1,"minecraft:tall_grass":1,"minecraft:wall_torch":1,"minecraft:furnace":1,"minecraft:birch_log":2,"minecraft:oak_log":4,"minecraft:dirt":3,"minecraft:stone":47,"minecraft:oak_leaves":2},"minecraft:crafted":{"minecraft:cooked_beef":2,"minecraft:oak_planks":16,"minecraft:cooked_porkchop":9,"minecraft:crafting_table":1,"minecraft:wooden_pickaxe":1,"minecraft:birch_boat":1,"minecraft:cooked_chicken":3,"minecraft:iron_sword":1,"minecraft:furnace":1,"minecraft:bucket":1,"minecraft:birch_planks":8,"minecraft:stone_axe":1,"minecraft:air":0,"minecraft:stick":12,"minecraft:iron_ingot":11,"minecraft:iron_pickaxe":1,"minecraft:stone_pickaxe":1,"minecraft:stone_sword":1,"minecraft:white_bed":1}},"DataVersion":3953}