{"stats":{"minecraft:killed":{"minecraft:pig":1,"minecraft:zombie":1,"minecraft:cow":2},"minecraft:used":{"minecraft:stone_sword":8,"minecraft:stone_pickaxe":17,"minecraft:wooden_pickaxe":3,"minecraft:iron_helmet":2,"minecraft:birch_boat":2,"minecraft:rotten_flesh":4,"minecraft:golden_helmet":1,"minecraft:stone_axe":14,"minecraft:crafting_table":2,"minecraft:oak_sapling":2,"minecraft:cooked_beef":2},"minecraft:dropped":{"minecraft:ink_sac":1,"minecraft:glistering_melon_slice":5,"minecraft:nautilus_shell":1},"minecraft:picked_up":{"minecraft:nautilus_shell":1,"minecraft:birch_log":2,"minecraft:crafting_table":3,"minecraft:raw_iron":10,"minecraft:cooked_beef":1,"minecraft:birch_boat":2,"minecraft:leather":3,"minecraft:torch":1,"minecraft:porkchop":1,"minecraft:oak_log":4,"minecraft:ink_sac":1,"minecraft:rotten_flesh":4,"minecraft:iron_helmet":1,"minecraft:beef":3,"minecraft:oak_sapling":2,"minecraft:oak_planks":13,"minecraft:cobblestone":19},"minecraft:custom":{"minecraft:time_since_rest":37272,"minecraft:interact_with_furnace":7,"minecraft:sprint_one_cm":30801,"minecraft:damage_taken":261,"minecraft:walk_one_cm":25379,"minecraft:mob_kills":4,"minecraft:drop":3,"minecraft:damage_dealt":945,"minecraft:swim_one_cm":41818,"minecraft:interact_with_crafting_table":8,"minecraft:fly_one_cm":30504,"minecraft:open_chest":4,"minecraft:crouch_one_cm":92,"minecraft:play_time":37272,"minecraft:sneak_time":730,"minecraft:walk_under_water_one_cm":7798,"minecraft:boat_one_cm":512830,"minecraft:jump":197,"minecraft:time_since_death":37272,"minecraft:walk_on_water_one_cm":3978,"minecraft:total_world_time":37272,"minecraft:fall_one_cm":2955},"minecraft:mined":{"minecraft:birch_log":2,"minecraft:crafting_table":2,"minecraft:short_grass":3,"minecraft:oak_log":4,"minecraft:tall_grass":1,"minecraft:stone":19,"minecraft:oak_leaves":2},"minecraft:crafted":{"minecraft:oak_planks":16,"minecraft:crafting_table":1,"minecraft:stick":12,"minecraft:wooden_pickaxe":1,"minecraft:birch_boat":1,"minecraft:stone_pickaxe":1,"minecraft:stone_sword":1,"minecraft:birch_planks":8,"minecraft:stone_axe":1,"minecraft:air":0,"minecraft:cooked_beef":2}},"DataVersion":3953}