{"stats":{"minecraft:killed":{"minecraft:pig":5,"minecraft:sheep":3,"minecraft:zombie":1,"minecraft:chicken":3,"minecraft:cow":2},"minecraft:used":{"minecraft:stone_sword":17,"minecraft:stone_pickaxe":82,"minecraft:birch_boat":2,"minecraft:wooden_pickaxe":3,"minecraft:cooked_chicken":3,"minecraft:rotten_flesh":4,"minecraft:torch":5,"minecraft:dirt":5,"minecraft:mutton":5,"minecraft:crafting_table":5,"minecraft:white_bed":3,"minecraft:lava_bucket":1,"minecraft:iron_helmet":2,"minecraft:golden_helmet":1,"minecraft:stone_axe":31,"minecraft:cobblestone":3,"minecraft:oak_sapling":2,"minecraft:furnace":2,"minecraft:bucket":2,"minecraft:cooked_beef":3},"minecraft:dropped":{"minecraft:stone_axe":1,"minecraft:ink_sac":1,"minecraft:glistering_melon_slice":5,"minecraft:nautilus_shell":1},"minecraft:picked_up":{"minecraft:nautilus_shell":1,"minecraft:birch_log":2,"minecraft:crafting_table":5,"minecraft:feather":1,"minecraft:cooked_beef":1,"minecraft:chicken":3,"minecraft:leather":3,"minecraft:oak_log":4,"minecraft:gunpowder":1,"minecraft:dirt":6,"minecraft:wheat_seeds":1,"minecraft:beef":3,"minecraft:oak_planks":13,"minecraft:furnace":2,"minecraft:raw_iron":11,"minecraft:birch_boat":2,"minecraft:torch":2,"minecraft:porkchop":9,"minecraft:ink_sac":1,"minecraft:white_bed":3,"minecraft:rotten_flesh":6,"minecraft:stone_axe":1,"minecraft:iron_helmet":1,"minecraft:oak_sapling":2,"minecraft:mutton":5,"minecraft:coal":25,"minecraft:white_wool":3,"minecraft:cobblestone":49},"minecraft:custom":{"minecraft:interact_with_furnace":20,"minecraft:mob_kills":14,"minecraft:interact_with_crafting_table":16,"minecraft:leave_game":2,"minecraft:time_since_death":84496,"minecraft:sleep_in_bed":6,"minecraft:time_since_rest":1100,"minecraft:sprint_one_cm":89886,"minecraft:damage_taken":600,"minecraft:walk_one_cm":90660,"minecraft:drop":4,"minecraft:damage_dealt":1724,"minecraft:swim_one_cm":41818,"minecraft:fly_one_cm":97026,"minecraft:open_chest":4,"minecraft:crouch_one_cm":105,"minecraft:play_time":84496,"minecraft:sneak_time":770,"minecraft:walk_under_water_one_cm":8599,"minecraft:boat_one_cm":512830,"minecraft:jump":677,"minecraft:walk_on_water_one_cm":4519,"minecraft:total_world_time":84496,"minecraft:fall_one_cm":19303},"minecraft:mined":{"minecraft:white_bed":4,"minecraft:crafting_table":4,"minecraft:short_grass":6,"minecraft:grass_block":3,"minecraft:cobblestone":1,"minecraft:tall_grass":1,"minecraft:wall_torch":1,"minecraft:furnace":2,"minecraft:birch_log":2,"minecraft:iron_ore":1,"minecraft:coal_ore":25,"minecraft:oak_log":4,"minecraft:dirt":3,"minecraft:stone":48,"minecraft:oak_leaves":2},"minecraft:crafted":{"minecraft:cooked_beef":2,"minecraft:oak_planks":16,"minecraft:cooked_porkchop":9,"minecraft:crafting_table":1,"minecraft:wooden_pickaxe":1,"minecraft:birch_boat":1,"minecraft:cooked_chicken":3,"minecraft:iron_sword":1,"minecraft:furnace":1,"minecraft:bucket":1,"minecraft:birch_planks":8,"minecraft:stone_axe":1,"minecraft:air":0,"minecraft:stick":20,"minecraft:iron_ingot":11,"minecraft:iron_pickaxe":1,"minecraft:stone_pickaxe":1,"minecraft:stone_sword":1,"minecraft:white_bed":1,"minecraft:torch":40}},"DataVersion":3953}