{"stats":{"minecraft:killed":{"minecraft:zombie":1},"minecraft:used":{"minecraft:stone_sword":3,"minecraft:stone_pickaxe":17,"minecraft:wooden_pickaxe":3,"minecraft:iron_helmet":1,"minecraft:birch_boat":2,"minecraft:rotten_flesh":1,"minecraft:stone_axe":8,"minecraft:crafting_table":2,"minecraft:oak_sapling":2,"minecraft:cooked_beef":1},"minecraft:dropped":{"minecraft:nautilus_shell":1},"minecraft:picked_up":{"minecraft:nautilus_shell":1,"minecraft:birch_log":2,"minecraft:crafting_table":3,"minecraft:raw_iron":10,"minecraft:cooked_beef":1,"minecraft:birch_boat":1,"minecraft:torch":1,"minecraft:oak_log":4,"minecraft:rotten_flesh":4,"minecraft:iron_helmet":1,"minecraft:oak_sapling":2,"minecraft:oak_planks":13,"minecraft:cobblestone":19},"minecraft:custom":{"minecraft:time_since_rest":25272,"minecraft:interact_with_furnace":1,"minecraft:sprint_one_cm":23130,"minecraft:damage_taken":202,"minecraft:walk_one_cm":21217,"minecraft:mob_kills":1,"minecraft:drop":1,"minecraft:damage_dealt":587,"minecraft:swim_one_cm":20020,"minecraft:interact_with_crafting_table":8,"minecraft:fly_one_cm":17995,"minecraft:open_chest":3,"minecraft:crouch_one_cm":92,"minecraft:play_time":25272,"minecraft:sneak_time":513,"minecraft:walk_under_water_one_cm":4204,"minecraft:boat_one_cm":299480,"minecraft:jump":133,"minecraft:time_since_death":25272,"minecraft:walk_on_water_one_cm":2670,"minecraft:total_world_time":25272,"minecraft:fall_one_cm":2537},"minecraft:mined":{"minecraft:birch_log":2,"minecraft:crafting_table":2,"minecraft:oak_log":4,"minecraft:stone":19,"minecraft:oak_leaves":2},"minecraft:crafted":{"minecraft:oak_planks":16,"minecraft:crafting_table":1,"minecraft:stick":12,"minecraft:wooden_pickaxe":1,"minecraft:birch_boat":1,"minecraft:stone_pickaxe":1,"minecraft:stone_sword":1,"minecraft:birch_planks":8,"minecraft:stone_axe":1}},"DataVersion":3953}