{"stats":{"minecraft:killed":{"minecraft:pig":5,"minecraft:sheep":3,"minecraft:zombie":1,"minecraft:chicken":3,"minecraft:cow":2},"minecraft:used":{"minecraft:stone_sword":23,"minecraft:stone_pickaxe":82,"minecraft:birch_boat":2,"minecraft:wooden_pickaxe":3,"minecraft:cooked_chicken":3,"minecraft:rotten_flesh":4,"minecraft:torch":5,"minecraft:dirt":5,"minecraft:mutton":5,"minecraft:crafting_table":5,"minecraft:white_bed":3,"minecraft:lava_bucket":1,"minecraft:iron_helmet":2,"minecraft:golden_helmet":1,"minecraft:stone_axe":31,"minecraft:cobblestone":3,"minecraft:oak_sapling":2,"minecraft:furnace":2,"minecraft:cooked_porkchop":1,"minecraft:bucket":2,"minecraft:oak_boat":1,"minecraft:cooked_beef":3},"minecraft:dropped":{"minecraft:stone_axe":1,"minecraft:ink_sac":1,"minecraft:glistering_melon_slice":5,"minecraft:nautilus_shell":1},"minecraft:picked_up":{"minecraft:nautilus_shell":1,"minecraft:birch_log":2,"minecraft:crafting_table":5,"minecraft:feather":1,"minecraft:cooked_beef":1,"minecraft:chicken":3,"minecraft:leather":3,"minecraft:oak_log":6,"minecraft:gunpowder":1,"minecraft:dirt":6,"minecraft:iron_axe":1,"minecraft:wheat_seeds":4,"minecraft:beef":3,"minecraft:oak_planks":13,"minecraft:furnace":2,"minecraft:raw_iron":11,"minecraft:birch_boat":2,"minecraft:torch":2,"minecraft:porkchop":9,"minecraft:ink_sac":1,"minecraft:white_bed":3,"minecraft:rotten_flesh":6,"minecraft:stone_axe":1,"minecraft:iron_helmet":1,"minecraft:oak_sapling":2,"minecraft:mutton":5,"minecraft:coal":25,"minecraft:white_wool":3,"minecraft:cobblestone":49},"minecraft:custom":{"minecraft:interact_with_furnace":20,"minecraft:mob_kills":14,"minecraft:interact_with_crafting_table":17,"minecraft:leave_game":3,"minecraft:time_since_death":11160,"minecraft:sleep_in_bed":6,"minecraft:time_since_rest":11218,"minecraft:sprint_one_cm":121589,"minecraft:damage_taken":1040,"minecraft:walk_one_cm":122037,"minecraft:drop":4,"minecraft:damage_dealt":1724,"minecraft:swim_one_cm":42490,"minecraft:fly_one_cm":164355,"minecraft:open_chest":4,"minecraft:crouch_one_cm":1091,"minecraft:play_time":97950,"minecraft:deaths":1,"minecraft:sneak_time":969,"minecraft:walk_under_water_one_cm":8613,"minecraft:boat_one_cm":616236,"minecraft:jump":1025,"minecraft:walk_on_water_one_cm":5055,"minecraft:total_world_time":97950,"minecraft:fall_one_cm":32481},"minecraft:mined":{"minecraft:white_bed":4,"minecraft:crafting_table":4,"minecraft:short_grass":27,"minecraft:grass_block":3,"minecraft:cobblestone":1,"minecraft:tall_grass":6,"minecraft:wall_torch":1,"minecraft:furnace":2,"minecraft:birch_log":2,"minecraft:iron_ore":1,"minecraft:coal_ore":25,"minecraft:oak_log":6,"minecraft:dirt":3,"minecraft:stone":48,"minecraft:oak_leaves":2,"minecraft:fern":1},"minecraft:crafted":{"minecraft:cooked_beef":2,"minecraft:oak_planks":24,"minecraft:cooked_porkchop":9,"minecraft:crafting_table":1,"minecraft:wooden_pickaxe":1,"minecraft:birch_boat":1,"minecraft:cooked_chicken":3,"minecraft:iron_sword":1,"minecraft:furnace":1,"minecraft:bucket":1,"minecraft:birch_planks":8,"minecraft:stone_axe":1,"minecraft:air":0,"minecraft:oak_boat":1,"minecraft:stick":20,"minecraft:iron_ingot":11,"minecraft:iron_pickaxe":1,"minecraft:stone_pickaxe":1,"minecraft:stone_sword":1,"minecraft:white_bed":1,"minecraft:torch":40}},"DataVersion":3953}