{"stats":{"minecraft:used":{"minecraft:stone_axe":4,"minecraft:crafting_table":2,"minecraft:oak_sapling":2,"minecraft:stone_pickaxe":17,"minecraft:birch_boat":1,"minecraft:iron_helmet":1,"minecraft:wooden_pickaxe":3},"minecraft:picked_up":{"minecraft:birch_log":2,"minecraft:raw_iron":10,"minecraft:crafting_table":2,"minecraft:cooked_beef":1,"minecraft:iron_helmet":1,"minecraft:oak_log":4,"minecraft:oak_sapling":2,"minecraft:cobblestone":19},"minecraft:custom":{"minecraft:time_since_rest":13272,"minecraft:crouch_one_cm":56,"minecraft:damage_taken":10,"minecraft:play_time":13272,"minecraft:sprint_one_cm":19713,"minecraft:walk_one_cm":16665,"minecraft:sneak_time":52,"minecraft:boat_one_cm":37618,"minecraft:jump":107,"minecraft:damage_dealt":274,"minecraft:walk_on_water_one_cm":257,"minecraft:time_since_death":13272,"minecraft:total_world_time":13272,"minecraft:fall_one_cm":1910,"minecraft:interact_with_crafting_table":8,"minecraft:fly_one_cm":14523},"minecraft:mined":{"minecraft:oak_log":4,"minecraft:birch_log":2,"minecraft:stone":19,"minecraft:oak_leaves":2,"minecraft:crafting_table":2},"minecraft:crafted":{"minecraft:stone_sword":1,"minecraft:oak_planks":16,"minecraft:birch_planks":8,"minecraft:stone_axe":1,"minecraft:crafting_table":1,"minecraft:stick":12,"minecraft:birch_boat":1,"minecraft:wooden_pickaxe":1,"minecraft:stone_pickaxe":1}},"DataVersion":3953}