{"stats":{"minecraft:killed":{"minecraft:pig":6,"minecraft:creeper":1,"minecraft:skeleton":4,"minecraft:sheep":7,"minecraft:pillager":2,"minecraft:zombie":3,"minecraft:drowned":3,"minecraft:cow":9},"minecraft:used":{"minecraft:cooked_mutton":3,"minecraft:stone_pickaxe":39,"minecraft:wooden_pickaxe":11,"minecraft:birch_boat":4,"minecraft:iron_sword":3,"minecraft:rotten_flesh":5,"minecraft:torch":4,"minecraft:dirt":8,"minecraft:crafting_table":7,"minecraft:white_bed":4,"minecraft:granite":10,"minecraft:iron_axe":48,"minecraft:iron_pickaxe":226,"minecraft:stone_axe":29,"minecraft:diamond_sword":40,"minecraft:cobblestone":81,"minecraft:furnace":7,"minecraft:andesite":5,"minecraft:cooked_beef":9,"minecraft:cobbled_deepslate":22},"minecraft:dropped":{"minecraft:iron_sword":2,"minecraft:kelp":5,"minecraft:cooked_beef":3,"minecraft:cobbled_deepslate":2,"minecraft:birch_sapling":1,"minecraft:raw_iron":20,"minecraft:iron_helmet":1,"minecraft:iron_boots":1,"minecraft:granite":2,"minecraft:gunpowder":1,"minecraft:diorite":3,"minecraft:andesite":1,"minecraft:nautilus_shell":1,"minecraft:pink_petals":4,"minecraft:black_wool":1},"minecraft:picked_up":{"minecraft:nautilus_shell":1,"minecraft:birch_log":12,"minecraft:pink_petals":4,"minecraft:crafting_table":7,"minecraft:cooked_beef":1,"minecraft:ominous_bottle":1,"minecraft:andesite":6,"minecraft:leather":13,"minecraft:oak_log":11,"minecraft:gunpowder":1,"minecraft:lapis_lazuli":25,"minecraft:dirt":13,"minecraft:white_banner":1,"minecraft:bone":4,"minecraft:kelp":5,"minecraft:cobbled_deepslate":24,"minecraft:raw_gold":22,"minecraft:beef":22,"minecraft:sugar_cane":20,"minecraft:birch_sapling":1,"minecraft:iron_sword":2,"minecraft:furnace":7,"minecraft:stick":2,"minecraft:raw_iron":47,"minecraft:birch_boat":3,"minecraft:torch":3,"minecraft:porkchop":12,"minecraft:diorite":3,"minecraft:white_bed":3,"minecraft:redstone":28,"minecraft:arrow":5,"minecraft:rotten_flesh":5,"minecraft:diamond":11,"minecraft:granite":12,"minecraft:black_wool":1,"minecraft:mutton":12,"minecraft:coal":65,"minecraft:white_wool":6,"minecraft:cobblestone":103},"minecraft:custom":{"minecraft:interact_with_furnace":44,"minecraft:mob_kills":35,"minecraft:interact_with_crafting_table":23,"minecraft:leave_game":2,"minecraft:time_since_death":109883,"minecraft:sleep_in_bed":4,"minecraft:time_since_rest":1100,"minecraft:sprint_one_cm":177103,"minecraft:damage_taken":923,"minecraft:walk_one_cm":232384,"minecraft:drop":19,"minecraft:damage_dealt":4716,"minecraft:swim_one_cm":43748,"minecraft:fly_one_cm":234345,"minecraft:open_chest":8,"minecraft:crouch_one_cm":3211,"minecraft:play_time":109883,"minecraft:sneak_time":1335,"minecraft:walk_under_water_one_cm":12605,"minecraft:boat_one_cm":477724,"minecraft:jump":1535,"minecraft:walk_on_water_one_cm":28017,"minecraft:total_world_time":109883,"minecraft:fall_one_cm":27240},"minecraft:mined":{"minecraft:deepslate_redstone_ore":7,"minecraft:white_bed":2,"minecraft:deepslate_diamond_ore":11,"minecraft:kelp_plant":2,"minecraft:crafting_table":7,"minecraft:torch":3,"minecraft:granite":12,"minecraft:short_grass":11,"minecraft:grass_block":3,"minecraft:tall_grass":4,"minecraft:deepslate_gold_ore":16,"minecraft:sugar_cane":8,"minecraft:diorite":3,"minecraft:pink_petals":2,"minecraft:furnace":7,"minecraft:birch_log":12,"minecraft:iron_ore":33,"minecraft:birch_leaves":1,"minecraft:andesite":6,"minecraft:deepslate_lapis_ore":4,"minecraft:oak_log":11,"minecraft:coal_ore":25,"minecraft:deepslate_iron_ore":14,"minecraft:dirt":10,"minecraft:stone":103,"minecraft:gold_ore":6,"minecraft:oak_leaves":1,"minecraft:deepslate":24},"minecraft:crafted":{"minecraft:cooked_beef":14,"minecraft:oak_planks":40,"minecraft:diamond_sword":1,"minecraft:crafting_table":1,"minecraft:birch_boat":1,"minecraft:wooden_pickaxe":1,"minecraft:iron_helmet":1,"minecraft:iron_sword":1,"minecraft:furnace":1,"minecraft:birch_planks":20,"minecraft:stone_axe":1,"minecraft:cooked_mutton":3,"minecraft:air":0,"minecraft:diamond_helmet":1,"minecraft:iron_boots":1,"minecraft:iron_chestplate":1,"minecraft:charcoal":1,"minecraft:iron_axe":1,"minecraft:stick":64,"minecraft:iron_ingot":27,"minecraft:iron_pickaxe":1,"minecraft:stone_pickaxe":1,"minecraft:diamond_boots":1,"minecraft:white_bed":2,"minecraft:torch":4}},"DataVersion":3953}