{"stats":{"minecraft:killed":{"minecraft:sheep":2,"minecraft:skeleton":4,"minecraft:zombie":1,"minecraft:cow":5},"minecraft:used":{"minecraft:cooked_mutton":3,"minecraft:stone_pickaxe":39,"minecraft:wooden_pickaxe":11,"minecraft:torch":1,"minecraft:dirt":8,"minecraft:crafting_table":3,"minecraft:iron_axe":8,"minecraft:iron_pickaxe":164,"minecraft:stone_axe":29,"minecraft:cobblestone":6,"minecraft:furnace":4,"minecraft:cooked_beef":1,"minecraft:cobbled_deepslate":2},"minecraft:picked_up":{"minecraft:crafting_table":3,"minecraft:andesite":6,"minecraft:leather":8,"minecraft:oak_log":11,"minecraft:lapis_lazuli":25,"minecraft:dirt":9,"minecraft:bone":4,"minecraft:cobbled_deepslate":24,"minecraft:raw_gold":22,"minecraft:beef":9,"minecraft:sugar_cane":20,"minecraft:furnace":4,"minecraft:raw_iron":47,"minecraft:stick":1,"minecraft:torch":1,"minecraft:redstone":28,"minecraft:arrow":5,"minecraft:diamond":11,"minecraft:granite":5,"minecraft:mutton":3,"minecraft:coal":25,"minecraft:white_wool":2,"minecraft:cobblestone":57},"minecraft:custom":{"minecraft:interact_with_furnace":25,"minecraft:mob_kills":12,"minecraft:interact_with_crafting_table":15,"minecraft:time_since_death":47172,"minecraft:time_since_rest":47172,"minecraft:sprint_one_cm":50515,"minecraft:damage_taken":326,"minecraft:walk_one_cm":128231,"minecraft:damage_dealt":1660,"minecraft:swim_one_cm":4362,"minecraft:fly_one_cm":50951,"minecraft:crouch_one_cm":1736,"minecraft:play_time":47172,"minecraft:sneak_time":939,"minecraft:walk_under_water_one_cm":798,"minecraft:jump":542,"minecraft:walk_on_water_one_cm":9744,"minecraft:total_world_time":47172,"minecraft:fall_one_cm":6586},"minecraft:mined":{"minecraft:deepslate_redstone_ore":7,"minecraft:deepslate_diamond_ore":11,"minecraft:crafting_table":3,"minecraft:torch":1,"minecraft:granite":5,"minecraft:grass_block":3,"minecraft:deepslate_gold_ore":16,"minecraft:sugar_cane":8,"minecraft:furnace":4,"minecraft:iron_ore":33,"minecraft:andesite":6,"minecraft:deepslate_lapis_ore":4,"minecraft:oak_log":11,"minecraft:coal_ore":25,"minecraft:deepslate_iron_ore":14,"minecraft:dirt":6,"minecraft:stone":58,"minecraft:gold_ore":6,"minecraft:deepslate":24},"minecraft:crafted":{"minecraft:cooked_beef":5,"minecraft:oak_planks":40,"minecraft:crafting_table":1,"minecraft:wooden_pickaxe":1,"minecraft:iron_helmet":1,"minecraft:iron_sword":1,"minecraft:furnace":1,"minecraft:stone_axe":1,"minecraft:cooked_mutton":3,"minecraft:air":0,"minecraft:iron_chestplate":1,"minecraft:iron_boots":1,"minecraft:charcoal":1,"minecraft:iron_axe":1,"minecraft:stick":64,"minecraft:iron_ingot":27,"minecraft:iron_pickaxe":1,"minecraft:stone_pickaxe":1,"minecraft:torch":4}},"DataVersion":3953}