{"stats":{"minecraft:killed":{"minecraft:skeleton":4,"minecraft:drowned":3,"minecraft:pig":6,"minecraft:creeper":1,"minecraft:sheep":7,"minecraft:pillager":2,"minecraft:zombie":3,"minecraft:cow":9},"minecraft:used":{"minecraft:iron_sword":3,"minecraft:rotten_flesh":5,"minecraft:torch":4,"minecraft:dirt":8,"minecraft:granite":10,"minecraft:iron_axe":48,"minecraft:furnace":7,"minecraft:cooked_beef":9,"minecraft:cobbled_deepslate":22,"minecraft:cooked_mutton":3,"minecraft:stone_pickaxe":39,"minecraft:birch_boat":4,"minecraft:wooden_pickaxe":11,"minecraft:crafting_table":9,"minecraft:white_bed":4,"minecraft:iron_pickaxe":226,"minecraft:stone_axe":29,"minecraft:diamond_sword":42,"minecraft:cobblestone":81,"minecraft:andesite":5,"minecraft:oak_boat":1},"minecraft:dropped":{"minecraft:iron_sword":2,"minecraft:birch_planks":9,"minecraft:wheat_seeds":20,"minecraft:clock":1,"minecraft:golden_helmet":1,"minecraft:cooked_beef":3,"minecraft:iron_helmet":2,"minecraft:granite":2,"minecraft:dirt":2,"minecraft:diorite":3,"minecraft:torch":37,"minecraft:gold_nugget":5,"minecraft:pink_petals":4,"minecraft:white_wool":1,"minecraft:kelp":5,"minecraft:cobbled_deepslate":2,"minecraft:birch_sapling":1,"minecraft:raw_iron":20,"minecraft:iron_boots":1,"minecraft:poppy":2,"minecraft:gunpowder":1,"minecraft:andesite":2,"minecraft:chest":1,"minecraft:nautilus_shell":1,"minecraft:black_wool":1,"minecraft:egg":2},"minecraft:picked_up":{"minecraft:iron_chestplate":1,"minecraft:crafting_table":7,"minecraft:ominous_bottle":2,"minecraft:diamond_sword":1,"minecraft:wooden_pickaxe":2,"minecraft:golden_sword":1,"minecraft:flint_and_steel":1,"minecraft:gold_nugget":10,"minecraft:cobbled_deepslate":24,"minecraft:beef":22,"minecraft:iron_nugget":6,"minecraft:poppy":2,"minecraft:sugar_cane":40,"minecraft:chest":1,"minecraft:birch_sapling":1,"minecraft:furnace":9,"minecraft:egg":2,"minecraft:golden_helmet":3,"minecraft:raw_iron":47,"minecraft:stick":118,"minecraft:torch":77,"minecraft:fire_charge":1,"minecraft:porkchop":28,"minecraft:diorite":3,"minecraft:redstone":56,"minecraft:stone_sword":1,"minecraft:arrow":5,"minecraft:rotten_flesh":5,"minecraft:diamond_boots":1,"minecraft:mutton":12,"minecraft:white_wool":7,"minecraft:cobblestone":153,"minecraft:nautilus_shell":1,"minecraft:birch_log":12,"minecraft:pink_petals":4,"minecraft:clock":2,"minecraft:cooked_beef":1,"minecraft:andesite":7,"minecraft:leather":29,"minecraft:birch_planks":9,"minecraft:filled_map":1,"minecraft:flint":2,"minecraft:oak_log":15,"minecraft:gunpowder":1,"minecraft:lapis_lazuli":50,"minecraft:dirt":15,"minecraft:paper":9,"minecraft:white_banner":1,"minecraft:bone":8,"minecraft:kelp":5,"minecraft:wheat_seeds":20,"minecraft:raw_gold":22,"minecraft:iron_ingot":5,"minecraft:stone_pickaxe":1,"minecraft:diamond_helmet":1,"minecraft:iron_sword":2,"minecraft:oak_planks":21,"minecraft:book":6,"minecraft:birch_boat":5,"minecraft:white_bed":3,"minecraft:diamond":11,"minecraft:stone_axe":1,"minecraft:iron_helmet":2,"minecraft:granite":12,"minecraft:golden_apple":1,"minecraft:coal":65,"minecraft:black_wool":1},"minecraft:killed_by":{"minecraft:player":1},"minecraft:custom":{"minecraft:mob_kills":35,"minecraft:interact_with_crafting_table":27,"minecraft:leave_game":3,"minecraft:time_since_death":13080,"minecraft:climb_one_cm":76,"minecraft:sprint_one_cm":202139,"minecraft:walk_one_cm":254149,"minecraft:drop":34,"minecraft:play_time":123395,"minecraft:deaths":1,"minecraft:sneak_time":2502,"minecraft:walk_under_water_one_cm":13903,"minecraft:boat_one_cm":599070,"minecraft:jump":1763,"minecraft:walk_on_water_one_cm":29717,"minecraft:total_world_time":123395,"minecraft:interact_with_furnace":44,"minecraft:sleep_in_bed":4,"minecraft:time_since_rest":13109,"minecraft:damage_taken":1336,"minecraft:damage_dealt":4811,"minecraft:swim_one_cm":47171,"minecraft:fly_one_cm":289659,"minecraft:player_kills":1,"minecraft:open_chest":8,"minecraft:crouch_one_cm":4078,"minecraft:fall_one_cm":37561},"minecraft:mined":{"minecraft:white_bed":2,"minecraft:deepslate_diamond_ore":11,"minecraft:granite":12,"minecraft:grass_block":3,"minecraft:furnace":7,"minecraft:iron_ore":33,"minecraft:andesite":6,"minecraft:deepslate_lapis_ore":4,"minecraft:deepslate_iron_ore":14,"minecraft:stone":103,"minecraft:deepslate_redstone_ore":7,"minecraft:kelp_plant":2,"minecraft:torch":3,"minecraft:crafting_table":7,"minecraft:short_grass":11,"minecraft:chest":1,"minecraft:tall_grass":4,"minecraft:deepslate_gold_ore":16,"minecraft:sugar_cane":8,"minecraft:diorite":3,"minecraft:pink_petals":2,"minecraft:birch_log":12,"minecraft:birch_leaves":1,"minecraft:coal_ore":25,"minecraft:oak_log":15,"minecraft:dirt":10,"minecraft:gold_ore":6,"minecraft:oak_leaves":1,"minecraft:deepslate":24,"minecraft:fern":1},"minecraft:crafted":{"minecraft:oak_planks":56,"minecraft:birch_boat":1,"minecraft:furnace":1,"minecraft:cooked_mutton":3,"minecraft:diamond_helmet":1,"minecraft:iron_boots":1,"minecraft:iron_axe":1,"minecraft:stone_pickaxe":1,"minecraft:diamond_boots":1,"minecraft:cooked_beef":14,"minecraft:diamond_sword":1,"minecraft:crafting_table":3,"minecraft:wooden_pickaxe":1,"minecraft:iron_helmet":1,"minecraft:iron_sword":1,"minecraft:birch_planks":20,"minecraft:stone_axe":1,"minecraft:air":0,"minecraft:oak_boat":1,"minecraft:iron_chestplate":1,"minecraft:charcoal":1,"minecraft:stick":68,"minecraft:iron_ingot":27,"minecraft:iron_pickaxe":2,"minecraft:white_bed":2,"minecraft:torch":4}},"DataVersion":3953}