{"stats":{"minecraft:killed":{"minecraft:sheep":2,"minecraft:skeleton":4,"minecraft:zombie":1,"minecraft:cow":5},"minecraft:used":{"minecraft:cooked_mutton":3,"minecraft:stone_pickaxe":39,"minecraft:birch_boat":2,"minecraft:wooden_pickaxe":11,"minecraft:iron_sword":3,"minecraft:torch":3,"minecraft:dirt":8,"minecraft:crafting_table":5,"minecraft:granite":10,"minecraft:iron_axe":15,"minecraft:iron_pickaxe":223,"minecraft:stone_axe":29,"minecraft:cobblestone":34,"minecraft:furnace":4,"minecraft:andesite":5,"minecraft:cooked_beef":3,"minecraft:cobbled_deepslate":22},"minecraft:dropped":{"minecraft:iron_sword":2,"minecraft:cooked_beef":2,"minecraft:raw_iron":20,"minecraft:iron_helmet":1,"minecraft:iron_boots":1},"minecraft:picked_up":{"minecraft:birch_log":5,"minecraft:crafting_table":4,"minecraft:andesite":6,"minecraft:leather":8,"minecraft:oak_log":11,"minecraft:lapis_lazuli":25,"minecraft:dirt":13,"minecraft:bone":4,"minecraft:cobbled_deepslate":24,"minecraft:raw_gold":22,"minecraft:beef":9,"minecraft:sugar_cane":20,"minecraft:iron_sword":1,"minecraft:furnace":4,"minecraft:raw_iron":47,"minecraft:stick":1,"minecraft:birch_boat":1,"minecraft:torch":3,"minecraft:diorite":3,"minecraft:redstone":28,"minecraft:arrow":5,"minecraft:diamond":11,"minecraft:granite":12,"minecraft:mutton":3,"minecraft:coal":25,"minecraft:white_wool":2,"minecraft:cobblestone":103},"minecraft:custom":{"minecraft:interact_with_furnace":25,"minecraft:mob_kills":12,"minecraft:interact_with_crafting_table":20,"minecraft:time_since_death":59172,"minecraft:time_since_rest":59172,"minecraft:sprint_one_cm":82417,"minecraft:damage_taken":331,"minecraft:walk_one_cm":153275,"minecraft:drop":8,"minecraft:damage_dealt":1670,"minecraft:swim_one_cm":4362,"minecraft:fly_one_cm":72712,"minecraft:crouch_one_cm":1854,"minecraft:play_time":59172,"minecraft:sneak_time":1016,"minecraft:walk_under_water_one_cm":2101,"minecraft:boat_one_cm":39851,"minecraft:jump":726,"minecraft:walk_on_water_one_cm":16024,"minecraft:total_world_time":59172,"minecraft:fall_one_cm":9580},"minecraft:mined":{"minecraft:deepslate_redstone_ore":7,"minecraft:deepslate_diamond_ore":11,"minecraft:crafting_table":4,"minecraft:torch":3,"minecraft:granite":12,"minecraft:grass_block":3,"minecraft:deepslate_gold_ore":16,"minecraft:sugar_cane":8,"minecraft:diorite":3,"minecraft:furnace":4,"minecraft:birch_log":5,"minecraft:iron_ore":33,"minecraft:birch_leaves":1,"minecraft:andesite":6,"minecraft:deepslate_lapis_ore":4,"minecraft:oak_log":11,"minecraft:coal_ore":25,"minecraft:deepslate_iron_ore":14,"minecraft:dirt":10,"minecraft:stone":103,"minecraft:gold_ore":6,"minecraft:oak_leaves":1,"minecraft:deepslate":24},"minecraft:crafted":{"minecraft:cooked_beef":5,"minecraft:oak_planks":40,"minecraft:diamond_sword":1,"minecraft:crafting_table":1,"minecraft:birch_boat":1,"minecraft:wooden_pickaxe":1,"minecraft:iron_helmet":1,"minecraft:iron_sword":1,"minecraft:furnace":1,"minecraft:birch_planks":20,"minecraft:stone_axe":1,"minecraft:cooked_mutton":3,"minecraft:air":0,"minecraft:diamond_helmet":1,"minecraft:iron_chestplate":1,"minecraft:iron_boots":1,"minecraft:charcoal":1,"minecraft:iron_axe":1,"minecraft:stick":64,"minecraft:iron_ingot":27,"minecraft:iron_pickaxe":1,"minecraft:stone_pickaxe":1,"minecraft:diamond_boots":1,"minecraft:torch":4}},"DataVersion":3953}