{"stats":{"minecraft:killed":{"minecraft:skeleton":2,"minecraft:sheep":2,"minecraft:cow":5},"minecraft:used":{"minecraft:cooked_mutton":2,"minecraft:stone_pickaxe":39,"minecraft:iron_pickaxe":45,"minecraft:wooden_pickaxe":11,"minecraft:stone_axe":29,"minecraft:torch":1,"minecraft:dirt":8,"minecraft:cobblestone":6,"minecraft:crafting_table":3,"minecraft:furnace":4},"minecraft:picked_up":{"minecraft:stick":1,"minecraft:crafting_table":2,"minecraft:raw_iron":27,"minecraft:leather":8,"minecraft:torch":1,"minecraft:oak_log":11,"minecraft:dirt":9,"minecraft:bone":2,"minecraft:arrow":4,"minecraft:granite":3,"minecraft:beef":9,"minecraft:sugar_cane":20,"minecraft:mutton":3,"minecraft:coal":13,"minecraft:white_wool":2,"minecraft:cobblestone":48,"minecraft:furnace":3},"minecraft:custom":{"minecraft:time_since_rest":23172,"minecraft:interact_with_furnace":24,"minecraft:sprint_one_cm":22226,"minecraft:damage_taken":195,"minecraft:walk_one_cm":76031,"minecraft:mob_kills":9,"minecraft:damage_dealt":1060,"minecraft:swim_one_cm":3215,"minecraft:interact_with_crafting_table":12,"minecraft:fly_one_cm":25348,"minecraft:crouch_one_cm":856,"minecraft:play_time":23172,"minecraft:sneak_time":476,"minecraft:walk_under_water_one_cm":103,"minecraft:jump":300,"minecraft:time_since_death":23172,"minecraft:walk_on_water_one_cm":1666,"minecraft:total_world_time":23172,"minecraft:fall_one_cm":2880},"minecraft:mined":{"minecraft:furnace":3,"minecraft:iron_ore":27,"minecraft:torch":1,"minecraft:crafting_table":2,"minecraft:granite":3,"minecraft:coal_ore":13,"minecraft:grass_block":3,"minecraft:oak_log":11,"minecraft:dirt":6,"minecraft:stone":48,"minecraft:sugar_cane":8},"minecraft:crafted":{"minecraft:cooked_beef":5,"minecraft:oak_planks":40,"minecraft:charcoal":1,"minecraft:iron_axe":1,"minecraft:crafting_table":1,"minecraft:stick":64,"minecraft:iron_pickaxe":1,"minecraft:iron_ingot":10,"minecraft:wooden_pickaxe":1,"minecraft:stone_pickaxe":1,"minecraft:iron_sword":1,"minecraft:furnace":1,"minecraft:torch":4,"minecraft:stone_axe":1,"minecraft:cooked_mutton":3,"minecraft:air":0}},"DataVersion":3953}