{"stats":{"minecraft:killed":{"minecraft:sheep":1},"minecraft:used":{"minecraft:cooked_mutton":1,"minecraft:stone_pickaxe":39,"minecraft:iron_pickaxe":1,"minecraft:wooden_pickaxe":11,"minecraft:stone_axe":17,"minecraft:torch":1,"minecraft:dirt":8,"minecraft:cobblestone":6,"minecraft:crafting_table":2,"minecraft:furnace":2},"minecraft:picked_up":{"minecraft:stick":1,"minecraft:crafting_table":1,"minecraft:raw_iron":3,"minecraft:torch":1,"minecraft:oak_log":11,"minecraft:dirt":9,"minecraft:sugar_cane":20,"minecraft:mutton":1,"minecraft:coal":13,"minecraft:white_wool":1,"minecraft:cobblestone":32,"minecraft:furnace":2},"minecraft:custom":{"minecraft:time_since_rest":11172,"minecraft:interact_with_furnace":9,"minecraft:sprint_one_cm":19761,"minecraft:damage_taken":10,"minecraft:walk_one_cm":29887,"minecraft:mob_kills":1,"minecraft:damage_dealt":80,"minecraft:swim_one_cm":3215,"minecraft:interact_with_crafting_table":8,"minecraft:fly_one_cm":21385,"minecraft:crouch_one_cm":616,"minecraft:play_time":11172,"minecraft:sneak_time":267,"minecraft:walk_under_water_one_cm":103,"minecraft:jump":164,"minecraft:time_since_death":11172,"minecraft:walk_on_water_one_cm":1623,"minecraft:total_world_time":11172,"minecraft:fall_one_cm":1858},"minecraft:mined":{"minecraft:furnace":2,"minecraft:iron_ore":3,"minecraft:torch":1,"minecraft:crafting_table":2,"minecraft:coal_ore":13,"minecraft:grass_block":3,"minecraft:oak_log":11,"minecraft:dirt":6,"minecraft:stone":32,"minecraft:sugar_cane":8},"minecraft:crafted":{"minecraft:oak_planks":40,"minecraft:charcoal":1,"minecraft:crafting_table":1,"minecraft:stick":64,"minecraft:iron_pickaxe":1,"minecraft:iron_ingot":3,"minecraft:wooden_pickaxe":1,"minecraft:stone_pickaxe":1,"minecraft:furnace":1,"minecraft:torch":4,"minecraft:stone_axe":1,"minecraft:cooked_mutton":1,"minecraft:air":0}},"DataVersion":3953}