{"stats":{"minecraft:killed":{"minecraft:skeleton":4,"minecraft:sheep":2,"minecraft:cow":5},"minecraft:used":{"minecraft:cooked_mutton":3,"minecraft:iron_axe":6,"minecraft:stone_pickaxe":39,"minecraft:iron_pickaxe":103,"minecraft:wooden_pickaxe":11,"minecraft:stone_axe":29,"minecraft:torch":1,"minecraft:dirt":8,"minecraft:cobblestone":6,"minecraft:crafting_table":3,"minecraft:furnace":4},"minecraft:picked_up":{"minecraft:stick":1,"minecraft:crafting_table":3,"minecraft:raw_iron":35,"minecraft:andesite":4,"minecraft:leather":8,"minecraft:torch":1,"minecraft:oak_log":11,"minecraft:redstone":12,"minecraft:lapis_lazuli":25,"minecraft:dirt":9,"minecraft:bone":4,"minecraft:arrow":5,"minecraft:diamond":4,"minecraft:cobbled_deepslate":6,"minecraft:raw_gold":7,"minecraft:granite":5,"minecraft:beef":9,"minecraft:sugar_cane":20,"minecraft:mutton":3,"minecraft:coal":25,"minecraft:white_wool":2,"minecraft:cobblestone":55,"minecraft:furnace":4},"minecraft:custom":{"minecraft:time_since_rest":35172,"minecraft:interact_with_furnace":25,"minecraft:sprint_one_cm":29361,"minecraft:damage_taken":278,"minecraft:walk_one_cm":95963,"minecraft:mob_kills":11,"minecraft:damage_dealt":1460,"minecraft:swim_one_cm":3215,"minecraft:interact_with_crafting_table":15,"minecraft:fly_one_cm":33293,"minecraft:crouch_one_cm":1352,"minecraft:play_time":35172,"minecraft:sneak_time":781,"minecraft:walk_under_water_one_cm":328,"minecraft:jump":362,"minecraft:time_since_death":35172,"minecraft:walk_on_water_one_cm":8125,"minecraft:total_world_time":35172,"minecraft:fall_one_cm":3894},"minecraft:mined":{"minecraft:furnace":4,"minecraft:deepslate_diamond_ore":4,"minecraft:iron_ore":33,"minecraft:andesite":4,"minecraft:deepslate_lapis_ore":4,"minecraft:torch":1,"minecraft:crafting_table":3,"minecraft:granite":5,"minecraft:coal_ore":25,"minecraft:grass_block":3,"minecraft:oak_log":11,"minecraft:deepslate_iron_ore":2,"minecraft:dirt":6,"minecraft:deepslate_gold_ore":1,"minecraft:stone":55,"minecraft:sugar_cane":8,"minecraft:deepslate":6,"minecraft:gold_ore":6,"minecraft:deepslate_redstone_ore":3},"minecraft:crafted":{"minecraft:cooked_beef":5,"minecraft:oak_planks":40,"minecraft:iron_boots":1,"minecraft:iron_chestplate":1,"minecraft:charcoal":1,"minecraft:iron_axe":1,"minecraft:crafting_table":1,"minecraft:stick":64,"minecraft:iron_helmet":1,"minecraft:iron_pickaxe":1,"minecraft:iron_ingot":27,"minecraft:wooden_pickaxe":1,"minecraft:stone_pickaxe":1,"minecraft:iron_sword":1,"minecraft:furnace":1,"minecraft:torch":4,"minecraft:stone_axe":1,"minecraft:cooked_mutton":3,"minecraft:air":0}},"DataVersion":3953}