{"stats":{"minecraft:killed":{"minecraft:skeleton":4,"minecraft:drowned":3,"minecraft:pig":6,"minecraft:creeper":1,"minecraft:sheep":7,"minecraft:pillager":2,"minecraft:zombie":4,"minecraft:cow":9},"minecraft:used":{"minecraft:iron_sword":3,"minecraft:rotten_flesh":5,"minecraft:torch":6,"minecraft:dirt":8,"minecraft:granite":10,"minecraft:iron_axe":48,"minecraft:furnace":9,"minecraft:cooked_beef":9,"minecraft:cobbled_deepslate":22,"minecraft:cooked_mutton":3,"minecraft:stone_pickaxe":39,"minecraft:wooden_pickaxe":11,"minecraft:birch_boat":5,"minecraft:crafting_table":10,"minecraft:white_bed":4,"minecraft:dripstone_block":1,"minecraft:iron_pickaxe":244,"minecraft:stone_axe":42,"minecraft:diamond_sword":47,"minecraft:cobblestone":133,"minecraft:cooked_porkchop":2,"minecraft:andesite":5,"minecraft:oak_boat":1},"minecraft:dropped":{"minecraft:iron_sword":2,"minecraft:birch_planks":9,"minecraft:wheat_seeds":20,"minecraft:clock":1,"minecraft:golden_helmet":3,"minecraft:cooked_beef":3,"minecraft:iron_helmet":3,"minecraft:granite":2,"minecraft:dirt":2,"minecraft:diorite":3,"minecraft:torch":37,"minecraft:gold_nugget":5,"minecraft:pink_petals":4,"minecraft:white_wool":1,"minecraft:kelp":5,"minecraft:stone_sword":1,"minecraft:cobbled_deepslate":2,"minecraft:birch_sapling":1,"minecraft:raw_iron":20,"minecraft:iron_boots":1,"minecraft:poppy":3,"minecraft:gunpowder":1,"minecraft:andesite":2,"minecraft:chest":1,"minecraft:wooden_pickaxe":2,"minecraft:stone_pickaxe":1,"minecraft:nautilus_shell":1,"minecraft:black_wool":1,"minecraft:egg":2},"minecraft:picked_up":{"minecraft:crafting_table":9,"minecraft:iron_chestplate":1,"minecraft:ominous_bottle":2,"minecraft:diamond_sword":1,"minecraft:wooden_pickaxe":2,"minecraft:golden_sword":1,"minecraft:flint_and_steel":1,"minecraft:gold_nugget":10,"minecraft:cobbled_deepslate":24,"minecraft:beef":22,"minecraft:iron_nugget":6,"minecraft:poppy":3,"minecraft:sugar_cane":40,"minecraft:chest":1,"minecraft:birch_sapling":1,"minecraft:furnace":11,"minecraft:egg":2,"minecraft:golden_helmet":3,"minecraft:stick":118,"minecraft:raw_iron":49,"minecraft:torch":79,"minecraft:fire_charge":1,"minecraft:porkchop":36,"minecraft:diorite":3,"minecraft:redstone":56,"minecraft:stone_sword":1,"minecraft:arrow":5,"minecraft:rotten_flesh":6,"minecraft:diamond_boots":1,"minecraft:mutton":12,"minecraft:white_wool":7,"minecraft:cobblestone":155,"minecraft:nautilus_shell":1,"minecraft:birch_log":12,"minecraft:pink_petals":4,"minecraft:clock":2,"minecraft:cooked_beef":1,"minecraft:andesite":7,"minecraft:leather":29,"minecraft:filled_map":1,"minecraft:birch_planks":9,"minecraft:flint":2,"minecraft:oak_log":20,"minecraft:gunpowder":1,"minecraft:paper":9,"minecraft:lapis_lazuli":50,"minecraft:dirt":15,"minecraft:white_banner":1,"minecraft:bone":8,"minecraft:kelp":5,"minecraft:wheat_seeds":21,"minecraft:raw_gold":22,"minecraft:iron_ingot":5,"minecraft:stone_pickaxe":1,"minecraft:diamond_helmet":1,"minecraft:iron_sword":2,"minecraft:oak_planks":22,"minecraft:book":6,"minecraft:birch_boat":5,"minecraft:dripstone_block":1,"minecraft:white_bed":4,"minecraft:diamond":11,"minecraft:stone_axe":1,"minecraft:iron_helmet":2,"minecraft:granite":12,"minecraft:golden_apple":1,"minecraft:coal":85,"minecraft:black_wool":1},"minecraft:killed_by":{"minecraft:player":1},"minecraft:custom":{"minecraft:mob_kills":36,"minecraft:interact_with_crafting_table":29,"minecraft:leave_game":3,"minecraft:time_since_death":23244,"minecraft:climb_one_cm":300,"minecraft:sprint_one_cm":214771,"minecraft:walk_one_cm":275355,"minecraft:drop":42,"minecraft:play_time":133559,"minecraft:deaths":1,"minecraft:sneak_time":3092,"minecraft:walk_under_water_one_cm":13903,"minecraft:boat_one_cm":610132,"minecraft:jump":1949,"minecraft:walk_on_water_one_cm":30377,"minecraft:total_world_time":133559,"minecraft:interact_with_furnace":60,"minecraft:sleep_in_bed":4,"minecraft:time_since_rest":23273,"minecraft:damage_taken":1336,"minecraft:damage_dealt":5101,"minecraft:swim_one_cm":47171,"minecraft:fly_one_cm":323136,"minecraft:player_kills":2,"minecraft:open_chest":8,"minecraft:crouch_one_cm":5568,"minecraft:fall_one_cm":42697},"minecraft:mined":{"minecraft:white_bed":3,"minecraft:deepslate_diamond_ore":11,"minecraft:granite":12,"minecraft:grass_block":3,"minecraft:furnace":9,"minecraft:iron_ore":35,"minecraft:andesite":6,"minecraft:deepslate_lapis_ore":4,"minecraft:deepslate_iron_ore":14,"minecraft:stone":105,"minecraft:deepslate_redstone_ore":7,"minecraft:kelp_plant":2,"minecraft:crafting_table":9,"minecraft:torch":4,"minecraft:short_grass":15,"minecraft:chest":1,"minecraft:tall_grass":4,"minecraft:deepslate_gold_ore":16,"minecraft:sugar_cane":8,"minecraft:diorite":3,"minecraft:wall_torch":1,"minecraft:pink_petals":2,"minecraft:birch_log":12,"minecraft:birch_leaves":1,"minecraft:oak_log":20,"minecraft:coal_ore":36,"minecraft:dripstone_block":1,"minecraft:dirt":10,"minecraft:gold_ore":6,"minecraft:oak_leaves":1,"minecraft:deepslate":24,"minecraft:fern":2},"minecraft:crafted":{"minecraft:oak_planks":56,"minecraft:birch_boat":1,"minecraft:furnace":1,"minecraft:cooked_mutton":3,"minecraft:diamond_helmet":1,"minecraft:iron_boots":1,"minecraft:iron_axe":1,"minecraft:stone_pickaxe":1,"minecraft:diamond_boots":1,"minecraft:cooked_beef":14,"minecraft:diamond_sword":1,"minecraft:cooked_porkchop":4,"minecraft:crafting_table":3,"minecraft:wooden_pickaxe":1,"minecraft:iron_helmet":1,"minecraft:iron_sword":1,"minecraft:birch_planks":20,"minecraft:stone_axe":1,"minecraft:air":0,"minecraft:oak_boat":1,"minecraft:book":9,"minecraft:iron_chestplate":1,"minecraft:paper":18,"minecraft:charcoal":1,"minecraft:stick":68,"minecraft:iron_pickaxe":2,"minecraft:iron_ingot":27,"minecraft:white_bed":2,"minecraft:torch":4}},"DataVersion":3953}