{"stats":{"minecraft:killed":{"minecraft:sheep":1,"minecraft:pig":5},"minecraft:used":{"minecraft:wooden_axe":42,"minecraft:wooden_pickaxe":10,"minecraft:birch_boat":5,"minecraft:mutton":2,"minecraft:crafting_table":1,"minecraft:porkchop":4,"minecraft:oak_boat":1,"minecraft:egg":1,"minecraft:cooked_beef":2},"minecraft:dropped":{"minecraft:ink_sac":1,"minecraft:oak_sapling":1,"minecraft:oak_planks":24,"minecraft:white_wool":1},"minecraft:picked_up":{"minecraft:crafting_table":1,"minecraft:raw_iron":10,"minecraft:cooked_beef":2,"minecraft:birch_boat":6,"minecraft:andesite":1,"minecraft:porkchop":12,"minecraft:oak_log":14,"minecraft:diorite":3,"minecraft:ink_sac":1,"minecraft:white_bed":1,"minecraft:wheat_seeds":8,"minecraft:oak_sapling":2,"minecraft:iron_sword":1,"minecraft:mutton":2,"minecraft:oak_planks":24,"minecraft:iron_boots":1,"minecraft:white_wool":2,"minecraft:cobblestone":8,"minecraft:egg":1},"minecraft:killed_by":{"minecraft:drowned":1},"minecraft:custom":{"minecraft:time_since_rest":1100,"minecraft:interact_with_furnace":5,"minecraft:sprint_one_cm":24894,"minecraft:damage_taken":651,"minecraft:walk_one_cm":172962,"minecraft:mob_kills":6,"minecraft:drop":4,"minecraft:damage_dealt":579,"minecraft:swim_one_cm":14921,"minecraft:interact_with_crafting_table":5,"minecraft:fly_one_cm":27516,"minecraft:crouch_one_cm":427,"minecraft:play_time":78000,"minecraft:deaths":1,"minecraft:sneak_time":462,"minecraft:walk_under_water_one_cm":5112,"minecraft:boat_one_cm":752428,"minecraft:jump":539,"minecraft:sleep_in_bed":1,"minecraft:leave_game":3,"minecraft:time_since_death":62300,"minecraft:walk_on_water_one_cm":14615,"minecraft:total_world_time":78000,"minecraft:fall_one_cm":15376},"minecraft:mined":{"minecraft:seagrass":2,"minecraft:tall_seagrass":3,"minecraft:white_bed":1,"minecraft:crafting_table":1,"minecraft:short_grass":35,"minecraft:grass_block":1,"minecraft:oak_log":14,"minecraft:tall_grass":4,"minecraft:stone":8,"minecraft:oak_leaves":5,"minecraft:fern":6},"minecraft:crafted":{"minecraft:oak_boat":1,"minecraft:oak_planks":40,"minecraft:crafting_table":2,"minecraft:stick":12,"minecraft:wooden_pickaxe":1,"minecraft:stone_pickaxe":1,"minecraft:wooden_axe":1,"minecraft:stone_sword":1}},"DataVersion":3953}