{"stats":{"minecraft:killed":{"minecraft:pig":5,"minecraft:sheep":1},"minecraft:used":{"minecraft:water_bucket":2,"minecraft:diorite":3,"minecraft:birch_boat":5,"minecraft:wooden_pickaxe":22,"minecraft:mutton":2,"minecraft:crafting_table":2,"minecraft:white_bed":1,"minecraft:oak_log":2,"minecraft:wooden_axe":47,"minecraft:porkchop":8,"minecraft:bucket":2,"minecraft:oak_boat":1,"minecraft:egg":3,"minecraft:cooked_beef":2},"minecraft:dropped":{"minecraft:water_bucket":1,"minecraft:iron_ingot":10,"minecraft:iron_sword":1,"minecraft:stone_axe":1,"minecraft:birch_planks":9,"minecraft:wheat_seeds":10,"minecraft:lapis_lazuli":50,"minecraft:ominous_bottle":1,"minecraft:oak_log":4,"minecraft:cobblestone":8,"minecraft:oak_planks":34,"minecraft:diamond_sword":1,"minecraft:dirt":2,"minecraft:poppy":1,"minecraft:ink_sac":1,"minecraft:iron_chestplate":1,"minecraft:wooden_axe":1,"minecraft:andesite":1,"minecraft:oak_sapling":1,"minecraft:diamond_helmet":1,"minecraft:diamond_boots":1,"minecraft:birch_boat":1,"minecraft:white_wool":2,"minecraft:redstone":56,"minecraft:bone":4},"minecraft:picked_up":{"minecraft:wooden_axe":3,"minecraft:iron_chestplate":2,"minecraft:crafting_table":5,"minecraft:feather":2,"minecraft:cooked_beef":2,"minecraft:ominous_bottle":1,"minecraft:water_bucket":3,"minecraft:andesite":2,"minecraft:leather":16,"minecraft:diamond_sword":1,"minecraft:wooden_pickaxe":1,"minecraft:birch_planks":18,"minecraft:filled_map":1,"minecraft:oak_log":25,"minecraft:lapis_lazuli":75,"minecraft:dirt":4,"minecraft:paper":9,"minecraft:flint_and_steel":1,"minecraft:bone":4,"minecraft:wheat_seeds":21,"minecraft:gold_nugget":5,"minecraft:iron_ingot":15,"minecraft:stone_pickaxe":1,"minecraft:iron_nugget":6,"minecraft:poppy":1,"minecraft:diamond_helmet":1,"minecraft:sugar_cane":20,"minecraft:chest":1,"minecraft:oak_planks":33,"minecraft:iron_sword":4,"minecraft:furnace":2,"minecraft:iron_boots":1,"minecraft:egg":3,"minecraft:book":6,"minecraft:stick":53,"minecraft:raw_iron":12,"minecraft:birch_boat":7,"minecraft:torch":37,"minecraft:porkchop":24,"minecraft:ink_sac":1,"minecraft:diorite":3,"minecraft:white_bed":1,"minecraft:redstone":84,"minecraft:stone_sword":1,"minecraft:stone_axe":1,"minecraft:diamond_boots":1,"minecraft:iron_helmet":1,"minecraft:golden_apple":2,"minecraft:oak_sapling":2,"minecraft:obsidian":2,"minecraft:mutton":2,"minecraft:white_wool":3,"minecraft:cobblestone":66},"minecraft:killed_by":{"minecraft:player":1,"minecraft:drowned":1},"minecraft:custom":{"minecraft:interact_with_furnace":5,"minecraft:mob_kills":6,"minecraft:interact_with_crafting_table":6,"minecraft:leave_game":4,"minecraft:time_since_death":2533,"minecraft:sleep_in_bed":2,"minecraft:time_since_rest":352,"minecraft:sprint_one_cm":28665,"minecraft:damage_taken":871,"minecraft:walk_one_cm":212720,"minecraft:drop":30,"minecraft:damage_dealt":622,"minecraft:swim_one_cm":14921,"minecraft:fly_one_cm":35474,"minecraft:player_kills":1,"minecraft:crouch_one_cm":852,"minecraft:play_time":91361,"minecraft:deaths":2,"minecraft:sneak_time":747,"minecraft:walk_under_water_one_cm":5112,"minecraft:boat_one_cm":752428,"minecraft:jump":636,"minecraft:walk_on_water_one_cm":17178,"minecraft:total_world_time":91361,"minecraft:fall_one_cm":18940},"minecraft:mined":{"minecraft:white_bed":1,"minecraft:crafting_table":1,"minecraft:short_grass":37,"minecraft:grass_block":2,"minecraft:tall_grass":4,"minecraft:seagrass":2,"minecraft:tall_seagrass":3,"minecraft:oak_log":17,"minecraft:stone":20,"minecraft:oak_leaves":5,"minecraft:fern":6},"minecraft:crafted":{"minecraft:oak_planks":44,"minecraft:crafting_table":2,"minecraft:wooden_pickaxe":2,"minecraft:oak_boat":1,"minecraft:stick":16,"minecraft:stone_pickaxe":1,"minecraft:wooden_axe":1,"minecraft:stone_sword":1}},"DataVersion":3953}