{"stats":{"minecraft:used":{"minecraft:oak_boat":1,"minecraft:birch_boat":1,"minecraft:wooden_pickaxe":10,"minecraft:cooked_beef":1},"minecraft:dropped":{"minecraft:oak_planks":24},"minecraft:picked_up":{"minecraft:raw_iron":10,"minecraft:cooked_beef":1,"minecraft:birch_boat":1,"minecraft:wheat_seeds":1,"minecraft:oak_log":10,"minecraft:oak_sapling":2,"minecraft:iron_boots":1,"minecraft:iron_sword":1,"minecraft:oak_planks":24,"minecraft:cobblestone":8},"minecraft:killed_by":{"minecraft:drowned":1},"minecraft:custom":{"minecraft:time_since_rest":9497,"minecraft:deaths":1,"minecraft:crouch_one_cm":209,"minecraft:play_time":25167,"minecraft:damage_taken":401,"minecraft:walk_one_cm":58043,"minecraft:sneak_time":187,"minecraft:walk_under_water_one_cm":1463,"minecraft:boat_one_cm":197631,"minecraft:drop":1,"minecraft:jump":98,"minecraft:time_since_death":9467,"minecraft:walk_on_water_one_cm":2515,"minecraft:total_world_time":25167,"minecraft:interact_with_crafting_table":4,"minecraft:fall_one_cm":1511,"minecraft:fly_one_cm":1184},"minecraft:mined":{"minecraft:short_grass":2,"minecraft:oak_log":10,"minecraft:stone":8,"minecraft:oak_leaves":5},"minecraft:crafted":{"minecraft:stone_sword":1,"minecraft:oak_boat":1,"minecraft:oak_planks":40,"minecraft:crafting_table":1,"minecraft:stick":8,"minecraft:wooden_pickaxe":1,"minecraft:stone_pickaxe":1}},"DataVersion":3953}