{"stats":{"minecraft:killed":{"minecraft:sheep":1},"minecraft:used":{"minecraft:wooden_pickaxe":10,"minecraft:birch_boat":3,"minecraft:oak_boat":1,"minecraft:cooked_beef":2},"minecraft:dropped":{"minecraft:ink_sac":1,"minecraft:oak_sapling":1,"minecraft:oak_planks":24},"minecraft:picked_up":{"minecraft:raw_iron":10,"minecraft:cooked_beef":2,"minecraft:birch_boat":4,"minecraft:andesite":1,"minecraft:oak_log":10,"minecraft:ink_sac":1,"minecraft:wheat_seeds":3,"minecraft:oak_sapling":2,"minecraft:iron_sword":1,"minecraft:mutton":2,"minecraft:oak_planks":24,"minecraft:iron_boots":1,"minecraft:white_wool":1,"minecraft:cobblestone":8},"minecraft:killed_by":{"minecraft:drowned":1},"minecraft:custom":{"minecraft:time_since_rest":50330,"minecraft:interact_with_furnace":5,"minecraft:sprint_one_cm":3967,"minecraft:damage_taken":621,"minecraft:walk_one_cm":128622,"minecraft:mob_kills":1,"minecraft:drop":3,"minecraft:damage_dealt":79,"minecraft:swim_one_cm":14501,"minecraft:interact_with_crafting_table":4,"minecraft:fly_one_cm":4620,"minecraft:crouch_one_cm":427,"minecraft:play_time":66000,"minecraft:deaths":1,"minecraft:sneak_time":453,"minecraft:walk_under_water_one_cm":4223,"minecraft:boat_one_cm":700913,"minecraft:jump":370,"minecraft:leave_game":3,"minecraft:time_since_death":50300,"minecraft:walk_on_water_one_cm":13176,"minecraft:total_world_time":66000,"minecraft:fall_one_cm":10764},"minecraft:mined":{"minecraft:seagrass":2,"minecraft:tall_seagrass":3,"minecraft:short_grass":12,"minecraft:oak_log":10,"minecraft:stone":8,"minecraft:oak_leaves":5},"minecraft:crafted":{"minecraft:oak_boat":1,"minecraft:oak_planks":40,"minecraft:crafting_table":1,"minecraft:stick":8,"minecraft:wooden_pickaxe":1,"minecraft:stone_pickaxe":1,"minecraft:stone_sword":1}},"DataVersion":3953}