{"stats":{"minecraft:used":{"minecraft:birch_boat":1,"minecraft:wooden_pickaxe":10,"minecraft:cooked_beef":1},"minecraft:dropped":{"minecraft:oak_planks":24},"minecraft:picked_up":{"minecraft:raw_iron":10,"minecraft:cooked_beef":1,"minecraft:birch_boat":1,"minecraft:wheat_seeds":1,"minecraft:oak_log":6,"minecraft:oak_sapling":1,"minecraft:iron_boots":1,"minecraft:iron_sword":1,"minecraft:oak_planks":24,"minecraft:cobblestone":8},"minecraft:custom":{"minecraft:time_since_rest":13167,"minecraft:crouch_one_cm":209,"minecraft:play_time":13167,"minecraft:damage_taken":265,"minecraft:walk_one_cm":54885,"minecraft:sneak_time":103,"minecraft:walk_under_water_one_cm":1463,"minecraft:boat_one_cm":39396,"minecraft:drop":1,"minecraft:jump":92,"minecraft:time_since_death":13167,"minecraft:walk_on_water_one_cm":2305,"minecraft:total_world_time":13167,"minecraft:interact_with_crafting_table":3,"minecraft:fall_one_cm":1511,"minecraft:fly_one_cm":1184},"minecraft:mined":{"minecraft:short_grass":1,"minecraft:oak_log":6,"minecraft:stone":8,"minecraft:oak_leaves":2},"minecraft:crafted":{"minecraft:stone_sword":1,"minecraft:oak_planks":24,"minecraft:crafting_table":1,"minecraft:stick":8,"minecraft:wooden_pickaxe":1,"minecraft:stone_pickaxe":1}},"DataVersion":3953}