{"stats":{"minecraft:used":{"minecraft:oak_boat":1,"minecraft:birch_boat":1,"minecraft:wooden_pickaxe":10,"minecraft:cooked_beef":1},"minecraft:dropped":{"minecraft:oak_planks":24,"minecraft:ink_sac":1,"minecraft:oak_sapling":1},"minecraft:picked_up":{"minecraft:raw_iron":10,"minecraft:cooked_beef":1,"minecraft:birch_boat":2,"minecraft:wheat_seeds":1,"minecraft:oak_log":10,"minecraft:ink_sac":1,"minecraft:oak_sapling":2,"minecraft:iron_boots":1,"minecraft:iron_sword":1,"minecraft:oak_planks":24,"minecraft:cobblestone":8},"minecraft:killed_by":{"minecraft:drowned":1},"minecraft:custom":{"minecraft:time_since_rest":21497,"minecraft:interact_with_furnace":4,"minecraft:deaths":1,"minecraft:crouch_one_cm":260,"minecraft:play_time":37167,"minecraft:damage_taken":521,"minecraft:walk_one_cm":73350,"minecraft:sneak_time":281,"minecraft:walk_under_water_one_cm":1738,"minecraft:boat_one_cm":392977,"minecraft:drop":3,"minecraft:jump":145,"minecraft:time_since_death":21467,"minecraft:walk_on_water_one_cm":5258,"minecraft:total_world_time":37167,"minecraft:interact_with_crafting_table":4,"minecraft:fall_one_cm":1511,"minecraft:fly_one_cm":1236},"minecraft:mined":{"minecraft:short_grass":5,"minecraft:oak_log":10,"minecraft:stone":8,"minecraft:oak_leaves":5},"minecraft:crafted":{"minecraft:stone_sword":1,"minecraft:oak_boat":1,"minecraft:oak_planks":40,"minecraft:crafting_table":1,"minecraft:stick":8,"minecraft:wooden_pickaxe":1,"minecraft:stone_pickaxe":1}},"DataVersion":3953}