{
  "minecraft:recipes/misc/charcoal": {
    "criteria": {
      "has_log": "2024-11-10 00:24:19 +0000"
    },
    "done": true
  },
  "minecraft:recipes/decorations/crafting_table": {
    "criteria": {
      "unlock_right_away": "2024-11-10 00:23:37 +0000"
    },
    "done": true
  },
  "minecraft:recipes/building_blocks/oak_planks": {
    "criteria": {
      "has_logs": "2024-11-10 00:24:19 +0000"
    },
    "done": true
  },
  "minecraft:adventure/adventuring_time": {
    "criteria": {
      "minecraft:beach": "2024-11-10 00:23:52 +0000",
      "minecraft:forest": "2024-11-10 00:23:38 +0000"
    },
    "done": false
  },
  "minecraft:recipes/building_blocks/oak_wood": {
    "criteria": {
      "has_log": "2024-11-10 00:24:19 +0000"
    },
    "done": true
  },
  "DataVersion": 3953
}